How would I remove a driver from my insurance policy,INFO_ADD_REMOVE_INSURED
Can I remove my spouse from my auto policy,INFO_ADD_REMOVE_INSURED
Please remove my son from my auto policy and create a separate one for him,INFO_ADD_REMOVE_INSURED
Remove vehicle,INFO_ADD_REMOVE_VEHICLE
Id like to switch the car that is on my insurance with a new one,INFO_ADD_REMOVE_VEHICLE
bought a new car and need to add policy,INFO_ADD_REMOVE_VEHICLE
When I drive in Canada will my car be covered,INFO_AUTO_INS_CANADA
will my insurance cover my car if i go to Canada,INFO_AUTO_INS_CANADA
if i go to canada will my car insurance cover me,INFO_AUTO_INS_CANADA
can you cancel my policies,INFO_CANCEL_INS_POLICY
i want cancel my policy immidiately,INFO_CANCEL_INS_POLICY
i want to cancel my policy,INFO_CANCEL_INS_POLICY
Has my farm policy lapsed as I am unable to see the farm policy details online,INFO_CANT_SEE_FARM_RANCH_POLICY
any idea where I can view my farm policy I cant see it,INFO_CANT_SEE_FARM_RANCH_POLICY
why cant I view my farm policy,INFO_CANT_SEE_FARM_RANCH_POLICY
Any open positions,INFO_CAREERS
Help me find open jobs,INFO_CAREERS
Where can I work,INFO_CAREERS
I need my declaration pages for all of my policies,INFO_DEC_PAGE_NEEDED
need declaration page,INFO_DEC_PAGE_NEEDED
Bring up a copy of my insurance declaration page,INFO_DEC_PAGE_NEEDED
Are you able to delete a double payment,INFO_DELETE_DUPE_PYMT
help i paid twice,INFO_DELETE_DUPE_PYMT
I was mistakenly billed twice can you remove one,INFO_DELETE_DUPE_PYMT
For what reason is my bill different from before,INFO_DIFFERENT_AMTS
My billing amount seems incorrect,INFO_DIFFERENT_AMTS
my bill is ridiculously overpiced,INFO_DIFFERENT_AMTS
please tel me the emergency roadside service which is covered by my policy,INFO_ERS
Does my current policy include roadside assistance,INFO_ERS
My car broke down do I have anything that could help,INFO_ERS
I no longer have the same beneficiary,INFO_LIFE_BENEFICIARY_CHANGE
what do i need to do to change life insurance beneficiaries,INFO_LIFE_BENEFICIARY_CHANGE
How to change beneficiary of my life insurance policy,INFO_LIFE_BENEFICIARY_CHANGE
i need help logging in to my account,INFO_LOGIN_ERROR
I am attempting to create an online account I get an error during the process Please help,INFO_LOGIN_ERROR
I cant log in and I keep getting shown an error,INFO_LOGIN_ERROR
Ways to pay bills,INFO_MAKE_PYMT
Make the next payment on my bill,INFO_MAKE_PYMT
I need to pay a bill online,INFO_MAKE_PYMT
Do you have any representatives,INFO_SPEAK_TO_REP
Is there a representative I can speak with,INFO_SPEAK_TO_REP
i need a rep now,INFO_SPEAK_TO_REP
How to update lienholder,INFO_UPDATE_LIENHOLDER
have to notify lieholder of my auto insurance coverage,INFO_UPDATE_LIENHOLDER
I need my auto policy sent to the leinholder on my car,INFO_UPDATE_LIENHOLDER
